image,caption,orig_idx
images/001226162.jpg,female yoga in the scorpion pose on the azure background .,0
images/001606136.jpg,red fox standing on a rural road,1
images/001086995.jpg,"every time when these arts pop out , i just feel so excited ~",2
images/002397549.jpg,actor attends the premiere during festival .,3
images/001385659.jpg,an april morning at - skiing,4
images/000527246.jpg,woman swinging on rope swing by the ocean,5
images/000011392.jpg,person and actor attend the los angeles premiere .,6
images/001035129.jpg,vehicles stopped on the beach,7
images/002857948.jpg,children enjoy a snowball fight near a canal .,8
images/001459682.jpg,flowering water lilies in a pond,9
images/002056606.jpg,female boxers fighting in a boxing ring,10
images/003142183.jpg,snow falling on the trees - illustration,11
images/002214159.jpg,a city is second largest city .,12
images/000454862.jpg,a nation 's culture resides in the hearts and in the soul of its people .,13
images/001248829.jpg,big boulders on the trail,14
images/002323583.jpg,industry dragging its gear in the fog,15
images/000795124.jpg,tower cranes at the regeneration,16
images/001706826.jpg,"food - full of fresh cranberries , orange zest and walnuts .",17
images/000421894.jpg,"a cup of wine with fire on the background , romantic meal .",18
images/001223523.jpg,a 3d rendered illustration showing a rise,19
images/000372353.jpg,a city on the municipalities map,20
images/001844653.jpg,the nostalgia of seeded watermelon - healthy benefits !,21
images/002787408.jpg,vector silhouette of a man who plays football .,22
images/002627926.jpg,located is the center of religion .,23
images/000648128.jpg,"coffee cup , smartphone and headphones on a window sill .",24
images/002477152.jpg,people choose the food in the restaurant,25
images/002786577.jpg,artist perform during person featuring indie rock artist .,26
images/000474838.jpg,view of a high resolution green tree isolated on a white background,27
images/002981785.jpg,philantropist closing the runway at the presentation during olympus fashion week .,28
images/001435924.jpg,actor and her dog attends the premiere,29
images/002654007.jpg,the world globe listening to music on funky headphones .,30
images/001667765.jpg,wrap around : the man reached out and grabbed the singer as she sat on the stage delivering a song,31
images/000981900.jpg,is this suit alright ? asks film character .,32
images/002096407.jpg,the delicate exotic white flower of a christmas cactus growing in a greenhouse,33
images/001101760.jpg,infinite pattern with the inscription .,34
images/000113566.jpg,painting a white spider web on the sticky side of the contact paper,35
images/000528603.jpg,road through a golden foggy forest,36
images/002112071.jpg,"file photo dated , as telecommunications business is to give mobile customers",37
images/000212856.jpg,person passes the ball during a training session .,38
images/001765253.jpg,year of the rooster - issue,39
images/001299321.jpg,cartoon character with a mustache with many expressions of colored paprika,40
images/000742227.jpg,"leading man : is pictured in work of fiction , who film director wanted to make more humorous in the latest installment",41
images/002577315.jpg,person during a training session,42
images/001982785.jpg,cool drawings on the sidewalk,43
images/002307558.jpg,pregnant woman and happy man in the kitchen,44
images/002745743.jpg,many kinds of fish floating on the coral reef,45
images/000460031.jpg,hard rock artist performs on stage,46
images/000303013.jpg,set the printer back down on its bottom .,47
images/001581356.jpg,person attends the premiere party for season .,48
images/001001588.jpg,a chocolate birthday cake with candles,49
images/001285815.jpg,happy watermelon child eating a slice of watermelon - hd,50
images/001243556.jpg,businessman lost in the desert,51
images/001356594.jpg,automobile model on the muddy road,52
images/001319119.jpg,man on the skates on a lake,53
images/003029815.jpg,the truth about not seeing each other before the ceremony,54
images/003036435.jpg,designs and patterns on a garden spider,55
images/002203072.jpg,actor and person at the premiere of iron man,56
images/003233040.jpg,flag as an app icon .,57
images/002173298.jpg,silky flag waving on an isolated white background with the white text area for your advert message .,58
images/001939722.jpg,our mayor and council work as a team for the entire community .,59
images/000824604.jpg,a bright yellow classic car parked in a leafy street,60
images/002342315.jpg,cover and text design with the musical categories,61
images/002642933.jpg,tall order : person stands at inches and needs a stool to get into bed,62
images/001683617.jpg,letter logo in a circle .,63
images/001642044.jpg,country artist and dancer received 29 out of points from the judges for their dance during week .,1462
images/000849135.jpg,young female surgeon with surgical mask in the operating room,1653
images/003027102.jpg,back of daughter with actor and person,1654
images/000871055.jpg,young children are decorating a real spruce christmas tree in the front living room of a family home,1975
images/000034170.jpg,politician in a green dress,3818
images/001145446.jpg,this photograph is hanging on the wall in the apartment .,4837
images/002102297.jpg,baseball player reaches for the ball during the first inning of a baseball game .,4996
images/003005848.jpg,a city on the coast,5004
images/001613853.jpg,man in medical bandage holding pills in a hand isolated on gray background,7059
images/003146650.jpg,type of dish for the cabin,7472
images/002978310.jpg,football player suddenly has me wanting to see a different type of cartoon .,8562
images/002127506.jpg,road through the forest at sunset,9206
images/002428732.jpg,attractive man using online banking on smartphone with credit card in the street,11107
images/000929339.jpg,view of the shore from the river,12012
images/001482481.jpg,a bulldozer pushes aside trees being cut down after they burned .,13597
images/000041979.jpg,director of classical artist poses on the balcony of a concert hall while his musicians warm up below,14100
images/001607724.jpg,an eating barks under the rain,14344
images/002547800.jpg,film actor during the award red carpet arrivals,15159
images/000640780.jpg,garment from the collection close up .,15216
images/001698465.jpg,portrait of an old man,16120
images/001546934.jpg,a furious campfire on a black background .,16337
images/002164917.jpg,actor attends the westwood premiere,20110
images/000750327.jpg,property image # apartment in the heart,20244
images/000040357.jpg,amanita mushroom in the forest,21653
images/000066925.jpg,person and family member beamed with joy as they spotted celebrity arriving at the venue,22271
images/001883484.jpg,stock photo of a giraffe feeding from the top of an acacia tree,24509
images/002194672.jpg,person attends the uk premiere,25486
images/002409171.jpg,person tours the art gallery .,29597
images/002696991.jpg,a parking lot filled with cars at a sporting event,33060
images/003097810.jpg,a peacock dominates a group of prints on the wall of studio .,34188
images/002090233.jpg,after an intense win against school .,34440
images/002420273.jpg,i like the open porch with the top closed story,36127
images/001367038.jpg,western map - maps of the caribbean islands,37488
images/000793572.jpg,even the team showed up for person .,37862
images/001588245.jpg,giant light up circus style vintage letters,38079
images/000424827.jpg,help the environment by planting a tree .,39866
images/003198589.jpg,actor attends the westwood premiere,40637
images/001471278.jpg,a drop of water rolled in a bed of glitter .,40706
images/003068030.jpg,person insists his side will bounce back,42364
images/003149029.jpg,gorgeous coral and blush pink wedding .,42860
images/001500346.jpg,people perform at the festival - day,43041
images/001494592.jpg,wine and gray wedding photos,46007
images/002385032.jpg,"festive and fabulous : she also made this ugly sweater for herself , constructed completely made out of garland and decorated with string lights",46330
images/000432293.jpg,the truest representation of a biological female woman .,48840
images/000721944.jpg,gold coins are on display for sale .,49173
images/002228315.jpg,tables and chairs for the guests,49547
images/001944251.jpg,"demons troubling a sick man in bed , illustration edited by person",50551
images/002879974.jpg,a model walks the runway at the summer fashion show during event .,51662
images/001803476.jpg,person scores their teams second goal during the friendly match .,55938
images/000492646.jpg,kids riding their bikes during a summer evening - i,57214
images/002219502.jpg,supermodel wore her hair in a side - parted style with .,58380
images/001031084.jpg,exhibition subject by sculpture artist,58591
images/001221341.jpg,young woman puts on roller skates while in a park,58658
images/001322283.jpg,this ballet inspired wedding was one for the books !,58815
images/000028624.jpg,organization and set - up for centers in a classroom in a public school,60756
images/000972699.jpg,a logo sign outside of the headquarters,63551
images/001685314.jpg,the percent of their minutes this season,63776
images/000305959.jpg,denim on denim and a red blazer .,65194
images/000023146.jpg,a new day in the forest .,67381
images/000805533.jpg,biological genus in a jar .,68954
images/001349397.jpg,"actor handles a 3m python , believed to be person has found in years .",70954
images/000202749.jpg,actor out for a hike with her daughter,71293
images/000142843.jpg,a resident secures the back fence of his home which backs onto the water .,72252
images/002259389.jpg,actor competes in the first day of the senior men 's competition,72336
images/002760753.jpg,these little animals can transform any nursery !,72487
images/002893903.jpg,republic born painting artist at the art studio of her husband .,72703
images/002991506.jpg,it 's all about the white bag,74604
images/002398207.jpg,the sun sets behind the lonely old tree,75261
images/001365225.jpg,street scenes in the city,75727
images/001174953.jpg,eagle tattoos for men a soaring flight of designs,76122
images/001145524.jpg,the birthday cake with candles in the form of number icon .,77083
images/000362246.jpg,mountain in mountain formed after sports team were defeated,78680
images/000343973.jpg,intensity and action at the highest level as the fleet takes the start,79158
images/000584503.jpg,wrapped round their little fingers : person bent over to listen to a request from person,79372
images/002317825.jpg,rocks and pebbles in a river bed,79405
images/002576551.jpg,woman with long black hair and wreath with red flowers on a dark background -- stock photo #,83358
images/000229836.jpg,typical house with a garden,84867
images/002433470.jpg,graphic : christian wallpaper free download .,85215
images/001307869.jpg,tall ships in the historic port,85477
images/003151499.jpg,nice picture of apples and apple juice rich in vitamin c on a white background,85610
images/000276748.jpg,rooted in local culture : the sand dunes inspire the design of the airport .,86977
images/001566571.jpg,early morning games of cricket and in the nets in background /,87735
images/001415477.jpg,gull and shells on the beach .,87849
images/003233363.jpg,boutique hotel -- boutique hotel,88983
images/000191278.jpg,i just want a big burly man with a beard :(,89761
images/00009659.jpg,people sitting at show in the cattle sheds,90114
images/001672884.jpg,"signs on the trail , left and right",90380
images/003102563.jpg,a baseball field shot on field from home plate,91073
images/001976883.jpg,formal portrait of person wearing a military uniform .,91107
images/002393588.jpg,"view of the 18th - century chateau , at sunset with windows lit up and crescent moon",92482
images/001537696.jpg,food isolated close up green bunch on white .,93377
images/003127105.jpg,person and basin filling to raise a ship .,94657
images/002204662.jpg,looking south from near the foot .,94877
images/002348272.jpg,fashion from the collection is modeled during fashion week,96999
images/002411009.jpg,"the convivial city , a typical small square for sitting , eating and drinking , in traffic",98512
images/003042004.jpg,a member plants flowers in the yard of a boarded - up home,98978
images/000581549.jpg,purple viola photographed from behind against a blurred green background,101014
images/001242359.jpg,pitcher throws a pitch during the first inning against sports team .,101266
images/002405285.jpg,property image # an unique - bedroom retreat in a lovely rural location in the grounds .,102316
images/003011484.jpg,a beautiful town square with old buildings,102551
images/000817604.jpg,actor attends the fashion show during fashion week in the salon .,103209
images/000246446.jpg,portrait of a smiling and content senior couple drinking coffee while lying in bed together in the morning,105147
images/001367537.jpg,close up of a beautiful new window recently installed by person,105563
images/002634107.jpg,costume designer also designed this dress for actor,106774
images/001572256.jpg,model of a jet airliner,106847
images/001995452.jpg,adorable little boy sitting in a high chair drinking milk from a plastic bottle,107218
images/001543355.jpg,measuring a part 's weight with a digital scale,108370
images/003210356.jpg,politician and actor leave governmental body after a cobra,108383
images/003076871.jpg,the houses in the evening,109457
images/000777006.jpg,the first house of explorer,112884
images/002105926.jpg,front of the house coming up the driveway,114277
images/001872486.jpg,a city is the inner city residential neighbourhood,115469
images/000100602.jpg,3d illustration of a seesaw with metal spheres with the words positive and negative emotions over white background,116127
images/001987307.jpg,card for the holiday with branches on the abstract background,118011
images/000344063.jpg,little girls telling secrets in the classroom in elementary school,119469
images/000131770.jpg,motion animation of a sold sign and a house,119523
images/002387553.jpg,decorative card with a tree on a sky background,121511
images/000440973.jpg,pal - flying through a glorious nebula and star fields in deep space .,123411
images/003177168.jpg,a tent set by the shore with a view at a fjord .,130632
images/002059593.jpg,campfire close - up view under the sunlight,131513
images/002986178.jpg,composer is interviewed by the media,132508
images/002352456.jpg,excerpt from dogs from a point of view .,132539
images/002544053.jpg,"puff pastry stuffed with dish on a wooden background , top view .",133087
images/001645266.jpg,a young deer resting in the field,133398
images/002333590.jpg,"person , the saint 's symbolic attributes , arrows , are singled out for depiction here .",134884
images/000100262.jpg,waiting for a bike ride - love - the secret ingredient,135143
images/002233298.jpg,former crew members gathered for a reunion saturday .,135520
images/000687386.jpg,filming location pinned on a map,136935
images/002544350.jpg,male hand holding yellow flowers as a gift,137627
images/001665054.jpg,person looks on during the match .,138352
images/002400251.jpg,one of the canals we passed .,139431
images/002510831.jpg,red candles in a temple,141308
images/001493345.jpg,crowds walking along structure with late gothic revival structure behind,141829
images/000416002.jpg,presenter and winner of award,142983
images/000511358.jpg,was taking a picture of the train when this guy rolled into my shot,143938
images/001266662.jpg,"cat , image meme : im starting to think l 'm a bad influence on my cat",144003
images/002187138.jpg,describe the difference between the horses .,145086
images/002841620.jpg,a logo sign outside of the headquarters,146294
images/002184406.jpg,filming location and mountain range .,146599
images/000666004.jpg,author scores the opening goal during the match .,146726
images/001909879.jpg,delicacy : photos of the traditional smoked fish cooked over grass,146981
images/003219493.jpg,there used to be lots of whales in the area .,147837
images/002056695.jpg,head of an old pound coin,148545
images/000646666.jpg,map with long shadow on white background .,149904
images/002721276.jpg,public green park offers a refreshing shadow on summer days in front of the sea,152252
images/001738213.jpg,hard at work on a stall,154078
images/002537274.jpg,houses with shining lights on a winter night,156369
images/002653409.jpg,students in a brand new classroom,156566
images/000335122.jpg,person moves down a road while controlling an unmanned vehicle as part manned,156894
images/001129134.jpg,thanksgiving tree - each leaf lists something the children are thankful for .,157695
images/000694212.jpg,equestrian and cooler from their win .,159677
images/001990418.jpg,standing against the wind people watch massive waves crash over arm,161226
images/001245580.jpg,round corners and curvy frame are reminiscent of the original shipped .,162934
images/002412733.jpg,coral bracelet - there is something 50 's about coral and turquoise together .,163795
images/003204170.jpg,young man wearing traditional clothing praying and practicing the faith on a white isolated seamless background,163923
images/000660233.jpg,illustration of a fox with trees flowers mushrooms and bird in the forest,164707
images/000165215.jpg,easy step by step instructions on how to properly cut a chicken or turkey so it looks nice but also to get the most meat,165110
images/000131055.jpg,this dog looks like possessed by deity,166683
images/000946401.jpg,close up of a fish that was hunted at sea,173176
images/003117748.jpg,the bride and groom laugh at a speech during the wedding reception photographed by one of top wedding photographers .,173191
images/002924639.jpg,astronaut and earth globe in the deep space .,173442
images/000342092.jpg,a pretty pink wedding with blushing balloons for people shared on wedding ideas !,173444
images/001538804.jpg,happy business team in a meeting with pizza,174504
images/001801928.jpg,baseball player throws against sports team,176298
images/002176830.jpg,stock photo of a sleepy lizard,176574
images/002902069.jpg,my bathroom ... it 's so huge for a boat .,177050
images/001969566.jpg,simple purple and yellow green variegated strap like foliage makes an effective verdant urban landscape,178058
images/002926402.jpg,path in the sunny forest at autumn,181187
images/000128565.jpg,a whimsical june wedding photographed -- just minutes from the border .,182294
images/002676208.jpg,view from the balcony to the dollhouse,182386
images/002651155.jpg,one of the only semi permanent rivers,182791
images/002564978.jpg,set of cartoon underwater plants on a white background .,183132
images/002348680.jpg,air to air pictures of aircraft arriving for show ; for the first time in 25,183567
images/000135295.jpg,a senior man filling a kettle on an allotment,183631
images/002809623.jpg,little girls reading a book in bed,183829
images/002249134.jpg,actor attends the premiere during festival,184997
images/000883614.jpg,"person , actor , person and actor attend .",185262
images/001838614.jpg,animal sitting on a branch,187050
images/000933866.jpg,sailors prepare a helicopter for take off on the flight deck aboard country,188315
images/000651415.jpg,"kids in museum looking at a sculpture , cartoon style illustration .",188748
images/002281847.jpg,close up of flock of sheep in a fold,188791
images/001232212.jpg,satchel during an interview for magazine,190579
images/000100502.jpg,original stained - glass kitchen window based on the art of painting artist,193148
images/003189019.jpg,features and benefits of computer,193657
images/001566209.jpg,fun waves wrap around a picturesque point with only a handful of guys out .,194180
images/000947212.jpg,23 - trip out on this art,194628
images/000786680.jpg,pupil dressed in school uniforms are holding textbooks and with bell .,195936
images/001798590.jpg,musical group consists of the musicians,196163
images/001915872.jpg,a fleet of ships entering bodies of water at its inauguration .,202113
images/001805829.jpg,sculptures are made of welded steel hardware and scrap metal .,203881
images/002257957.jpg,sketch of the newer style bubbles,204794
images/000545166.jpg,guide -- why i changed my mind about the city,206276
images/001480174.jpg,actor and celebrity attend discovery 's world premiere,206511
images/001855620.jpg,a sparrow in the hollow of a tree .,210423
images/001410227.jpg,one of the those rare pictures of both of us ... taken outside another temple .,212084
images/002747680.jpg,country artist performs as part of festival .,213653
images/000034686.jpg,material in a military base,214564
images/000353432.jpg,portrait of middle - aged man calling by phone on the street in autumn,215379
images/001697735.jpg,lotus painted by hand made in a vector .,216548
images/001247387.jpg,a man claiming to have been the person involved in a fight with pop artist has come forward to tell his side of the story,217056
images/002068708.jpg,ocean wave in the gulf,217111
images/002906492.jpg,upwards sliding view in a green forest with a creek during a spring day,219733
images/002584434.jpg,children standing on a bridge woven from tree roots,220194
images/001768943.jpg,groom hugging mom during ceremony,220883
images/001566620.jpg,small boats moored at bay on the island,221707
images/001468984.jpg,"pink flowers and the mountain in the background , with wind moved",222378
images/001580817.jpg,religious leader delivers his speech during holiday .,224814
images/001262833.jpg,actor arrived at the awards red carpet .,225510
images/000998004.jpg,portrait of a frustrated business man untying his tie in the studio,225916
images/000427212.jpg,person is made from sturdy stems and vines that are then woven into intricate patterns,226978
images/002635373.jpg,"paddles by a climbing aerial view , sunset .",227164
images/002191153.jpg,a small retreat nestled on a cliff in a mountainous region,227678
images/001105652.jpg,illustration for presentations in the round shipping,227765
images/002439624.jpg,biological species - let 's grow this !,228249
images/000927443.jpg,comedian speaks on stage at awards .,229601
images/002698517.jpg,hot air balloons in blue sky,230473
images/000987660.jpg,letter m vector logo symbol in the colorful square on grey background .,230877
images/002274067.jpg,our saturday evening reception will be white house and garden .,232376
images/000670467.jpg,detail of facade of the town hall,233634
images/000336472.jpg,time lapse video of the sun setting,234436
images/001703863.jpg,"person , background illustration with a future soldier running past a distant star into the night",234954
images/001930962.jpg,symmetry a figure can have line of symmetry .,236313
images/001140974.jpg,cargo aircraft from the 909th taxis down a runway,236726
images/002544198.jpg,happy family lying on the floor,237303
images/001281720.jpg,bearded male dentist and his patient showing their thumbs up at the clinic .,237677
images/002650054.jpg,an image of the flag painted on a brick wall in an urban location,239925
images/000905690.jpg,first round - photos football game .,239929
images/001410831.jpg,the so called on the outskirts .,240615
images/000431415.jpg,glimpse of young gorilla playing in the forest,240891
images/000469912.jpg,the home after the fire,241184
images/000608359.jpg,"a man praying deity with a rosary in his old wrinkled hands , expressing hope and devotion .",241560
images/002051122.jpg,"beautiful little girls with a long hair are sitting at the carriage and watching to camera , close up view",242277
images/002317124.jpg,"stepping out : the reality tv star clearly took her new , grown - up style in her stride",242523
images/001122869.jpg,vector illustration people diving in the colorful corals,245896
images/002633901.jpg,$199 - cabinet - sink and faucet all included for low price !,246387
images/003120230.jpg,"man placing golf ball on sports equipment , close up detail",246559
images/003073774.jpg,view from the southwest across full - height view,246937
images/001840091.jpg,"slow motion of crossing , a famous tourist attraction .",248000
images/002496352.jpg,wife embracing her husband with bouquet in hands looking down at the flowers .,251206
images/001892790.jpg,people strolling along a city .,252122
images/000295917.jpg,illustration of an igloo isolated on white -- stock photo #,252628
images/000932722.jpg,my first tattoo - by actor .,256237
images/002986743.jpg,the quilt pattern is a simple yet bold design reminiscent of ribbons woven together .,256724
images/002426160.jpg,"if i was a college student here , i would do all of my studying under this tree .",256778
images/001543761.jpg,portrait of young man holding his nose against a bad smell .,258454
images/001567344.jpg,blues artist poses for a portrait at his rented home,258772
images/001971120.jpg,country artist poses for a portrait,259753
images/002579305.jpg,statesman was rarely seen without a string of pearls which became her trademark .,260137
images/001734207.jpg,on the beach of club,263230
images/001352769.jpg,illustration featuring the silhouette of a woman,263352
images/001832267.jpg,"after the ceremony , person changed into her wedding gown and person changed into his kilt .",266337
images/000176215.jpg,slide of 81 : a fan looks on during warmups prior to the game against american football team .,267574
images/000184276.jpg,digital art selected for the #,269059
images/000810654.jpg,stylish snowman with a wooden tablet of merry christmas .,270023
images/002982687.jpg,person during a pre season friendly .,271713
images/000746071.jpg,close - up side shot of a seagull in nest by urban road,272521
images/001337987.jpg,snowman on a street corner .,274039
images/002420527.jpg,love the shape of this skirt !,275408
images/000019186.jpg,"picture of an old cobblestone street , background or texture , selective focus",277971
images/003053841.jpg,cute little red cartoon windy car with a large mechanical key on a yellow background for kids,278568
images/001484669.jpg,"our purpose is to improve lives through better education , which is just legible on the black glass in the image above .",280290
images/001417435.jpg,close up of a big leaf with raindrops,284195
images/001291094.jpg,"experts believe the ancient mound , situated miles was built for parliamentary republic",285991
images/000180968.jpg,a helmet is seen before the start of a college football game against american football team .,286966
images/002202268.jpg,actor arrives at the premiere,287069
images/002837873.jpg,actor signs copies of her book at bookstore .,288656
images/002411990.jpg,portrait of a football player on the field getting hyped,289087
images/000624868.jpg,"once home to author , now in the care and a valuable archive of culture",289165
images/002596178.jpg,beautiful green tree on a white background vector,289854
images/000481133.jpg,lucky lady : actor was chosen by person at the end of the campaign as the winner receiving a luxury dinner with person,293677
images/000582308.jpg,"hipster portrait with speech bubble , hand drawn illustration of a man with mustache and pink glasses over a background with dots",294072
images/001253385.jpg,mountain from a meadow below person .,299268
images/002725018.jpg,"property image # style condo with a private pool & a shared gym , clubhouse , and tennis !",299381
images/003234619.jpg,river in wide angle view,299779
images/001372805.jpg,person unleashes a shot during a three - on - three drill .,302963
images/000370120.jpg,living room in bedroom suite,304005
images/002947883.jpg,collection of projects all hand formed out of copper and patina applied .,304293
images/001084989.jpg,calendar for the year december,308831
images/001155433.jpg,"person ; drawing , that winter when we kept bumping into one another . # art",309473
images/002864107.jpg,barn in the ~ sketch ~,310858
images/000578778.jpg,neat idea for a loafing area for goats !,312085
images/003217566.jpg,keeping it casual : the reality tv star added to her look with a pair of round tortoiseshell framed sunglasses and appeared to be in deep conversation with her beau,312751
images/002335897.jpg,person arrives at the premiere,314446
images/001835471.jpg,eat better logo of an orange,314916
images/002256271.jpg,person : a homemade pasta - of many choices,315778
images/000013662.jpg,property image # house in the countryside with large swimming pool,317328
images/000390001.jpg,close up of a rope,317835
images/001590223.jpg,portrait of happy young twins girls looking at orange smart phone .,318213
images/001421589.jpg,image for events for families this fall article,319404
images/000414943.jpg,person competing in 20k walk,319453
images/002109709.jpg,artist jumps on stage during a concert .,320164
images/002867292.jpg,portrait of a young man,320232
images/000198602.jpg,"they might look cute and cuddly , but animal would much rather be running about than sitting on a couch .",321754
images/000654535.jpg,"a wide angle view of valley , taken",321871
images/002664990.jpg,a fisherman repairing the outboard engine on his small fishing boat,322697
images/002940731.jpg,hand - drawn doodles on the subject of style theme seamless pattern .,324362
images/002080454.jpg,actor performing live during festival,324976
images/000858260.jpg,a beautiful vase found on the 3rd floor of the main building,325630
images/001958576.jpg,actor attends the screening presented by audi .,325748
images/002899258.jpg,"the flag in 3d , waving in the wind , on black background",329463
images/001326408.jpg,mr man relaxing sitting in an arm chair reading a book on a beach,332928
images/000078322.jpg,animated birds flying in the sky - photo #,333824
images/002697825.jpg,person enjoying the street food,333866
images/003264207.jpg,on where he buys his food : i buy my staple food online like a civilized person .,334441
images/002286580.jpg,the masks and puppets of animation film .,335104
images/002806746.jpg,before person had installed a wood floor in a large gym at a city,335465
images/002617207.jpg,see your villa from the back with the upper double decks,336834
images/002680970.jpg,hand holding an envelope full of pink flowers with pencils and notes on a light background,337088
images/002496863.jpg,award winner is seen during the first half of a basketball game against sports team,340074
images/001831872.jpg,the figure shows the elephants in the wild,340425
images/000817238.jpg,a little background on the building of the bridge .,343777
images/002285957.jpg,"person , person , person , and tv character",344678
images/001747853.jpg,football coach and person celebrate with teammates after they beat american football team .,345502
images/002445401.jpg,young white and red cat on a white background,346960
images/003049793.jpg,automobile make in the wet,347348
images/002278089.jpg,people queue up for money outside a bank,347375
images/001066118.jpg,rider on horse jumping over obstacle during an equestrian competition,347848
images/001351192.jpg,actor at film costumer designer show,349850
images/000362380.jpg,ship is one of the biggest in fleet,349922
images/002607221.jpg,illustration of a bear sitting inside the fence,352135
images/001990604.jpg,happy homecoming for person the tortoise,358147
images/002167126.jpg,boho bridal hairstyles for the carefree halo,359053
images/001443319.jpg,fresh blueberries on an old wooden table,359148
images/003074740.jpg,dining room - seating for 6 plus an additional 4 at bar,361577
images/001823486.jpg,alternate view of bathroom with separate shower and lights flanking the medicine cabinet above the newer pedestal sink .,361878
images/001731572.jpg,person by the ski resort,361993
images/001222297.jpg,an old lighthouse set against the crashing waves and rocky shores of atlantic ocean .,364789
images/002609742.jpg,vector illustration of a background for holiday .,365218
images/001467187.jpg,basketball player shoots the ball against basketball team .,365483
images/000878294.jpg,morning coffee on the city street,368380
images/002060623.jpg,3d rendering of a red telephone in rectangular shape without dialing numbers,368694
images/000088601.jpg,soccer players were all smiles as the players enjoyed the training session,372809
images/000488452.jpg,graffiti spray painted on a wall,373205
images/002982993.jpg,photo of an old bicycle,373453
images/001093738.jpg,illustration of a letter c is for champion vector,374894
images/000633546.jpg,short sleeve coral & peach floral tee .,375389
images/002931195.jpg,air bubbles on the surface of water when a jet of liquid hits the grass,377780
images/003283539.jpg,hardly working out : people who forgot how to interest,378651
images/001335988.jpg,person performs onstage at festival,378711
images/001401627.jpg,person runs for a touchdown,378870
images/000427651.jpg,fishing pier : the sun sitting atop the ocean,379732
images/003175286.jpg,cute little girl doing yoga exercise with christmas tree on the background,381518
images/000175214.jpg,breaking bread on a wooden table dark background,382807
images/002448965.jpg,film character hangs out at the event .,383187
images/002607193.jpg,singer of person performing on stage,383323
images/001888237.jpg,"children play in water bubbles , large inflated balls floating in a pool of water",383912
images/002849028.jpg,doctor giving medicine to senior woman at a clinic,384107
images/000945070.jpg,in the process of crossing a stream !,384424
images/001732872.jpg,"beautiful jasmine white flowers , summer day .",384636
images/001254490.jpg,"beverage : a refreshing combination of green tea and mint , with the latter 's flavor dominating .",385264
images/001403902.jpg,abstract dark background with the colorful shining circles of different color .,387215
images/000280339.jpg,biological species with a fish,387351
images/001662111.jpg,hats : style with a purpose .,387668
images/002467788.jpg,a model walks the runway at show during fashion week .,388025
images/00002324.jpg,the comic book fictional universe was created by person .,389931
images/001184398.jpg,apply the tile of your choice,392605
images/002817438.jpg,pitch perfect : people enjoy yet another photo opportunity after erecting their tent,394251
images/002437046.jpg,person look alike ? a pen and ink portrait of a beautiful horse .,394780
images/002574029.jpg,some rough going along the shore,395190
images/000859564.jpg,person was first created in my spare time as an attempt to reconnect with my own raw imagination and love for drawing .,395462
images/001286838.jpg,classic look for wedding photos in front .,397697
images/002901333.jpg,wedding bride and groom smiling in the gardens,397811
images/002166690.jpg,building on the corner of streets .,399440
images/001844928.jpg,drops of rain on a window,401483
images/001253813.jpg,the home where rock artist lived until he was,402155
images/002813230.jpg,"person spent about $1.3 million on her - square - foot house , which has bedrooms and bathrooms , and includes a self - contained studio apartment that she rents out .",403197
images/000457443.jpg,finished exterior paint on a house,403354
images/001929712.jpg,cat dozing under a blanket,405026
images/00008041.jpg,man and woman after a workout,406330
images/001482347.jpg,"satellite has captured a new , infrared view of the choppy star - making cloud called nebula , also known as nebula or nebula .",409503
images/002486427.jpg,little beautiful girl in a red jacket on a background of the autumn city park,409994
images/001882142.jpg,icicles hanging over the water on a background of glare,410996
images/002477344.jpg,tourists visiting the stainless steel statues,411706
images/001428852.jpg,with dairy products at the supermarket shelf,411880
images/001514267.jpg,wishing tree in the village,412602
images/001062029.jpg,the wind stirs the grass on the background of a beautiful sunny day,412892
images/003263808.jpg,get creative this christmas to make your own diy,412999
images/002443048.jpg,actor arrives at the premiere,414957
images/003048290.jpg,"i 'm not a painter , but i play one in a movie .",418448
images/003140118.jpg,huts on the red - earth plains,418933
images/000568824.jpg,modern art in the middle of the museum : looks good !,419425
images/000586487.jpg,"retro gentleman 's set consists of a hat , glasses and mustache",420707
images/002817845.jpg,person was in the stands as football team lost at home,420866
images/001680515.jpg,palm tree in the blue sunny sky,421786
images/000707155.jpg,early morning sunshine on the way,422407
images/001884396.jpg,white home office with built - ins and an oversized desk,422496
images/002089904.jpg,"person confirmed the man was a stranger and not an actor , but said he made it up to him",422963
images/000186440.jpg,olympic athlete is an artistic gymnast .,423666
images/000389216.jpg,sea birds fly out to greet person returning from an overnight fishing trip off a city to catch sardines .,424633
images/002815880.jpg,"house , the home for a short time .",424683
images/002238883.jpg,concerts were held sunday and monday nights .,426020
images/001733013.jpg,what show is this house from ?,426637
images/000894004.jpg,should i import a car ?,429457
images/001502761.jpg,"sensible : as the sun as very intense , she protected herself from the solar rays with a black and white visor and some vintage - style shades",430455
images/001028835.jpg,"ruins of an abandoned brick building , slowly decaying",430529
images/000374246.jpg,picnic table in the snow,430706
images/001986692.jpg,fresh juicy strawberries in a white mug isolated on a white background .,430757
images/001799367.jpg,"these fish , found , can reach lbs !",431885
images/002601685.jpg,street signs and advertisement in the busy streets,433150
images/002690326.jpg,person and groom seeing each other for the first time,436515
images/002106544.jpg,"team members , celebrate the company 's 85th anniversary",436874
images/000018779.jpg,"actors on the beach , stills",437638
images/002714619.jpg,cool bunk beds that offer us the gift of style small bedroom with bunk beds,440956
images/000807350.jpg,"a necklace made of beads and pointy teeth , resting on a wooden surface",442005
images/002608914.jpg,bronze smokey eye with a flash of blue,445108
images/000620010.jpg,members of the volleyball team have been arrested,445279
images/000238577.jpg,metal structures in the production,445462
images/000034012.jpg,back on top : the scoreboard at the stadium recognises the feat of the crowd,445564
images/000058179.jpg,vector set of different flags normally used to alert about diver being down in the water nearby,446455
images/001073230.jpg,"horses in a pasture , one is standing beside the other that is laying down .",447294
images/002510218.jpg,head coach looks on from the bench against american football team .,447416
images/003045792.jpg,country artist and film character attend awards .,448259
images/002396375.jpg,"many red umbrellas in a rows , hanging up in the sky",449677
images/003071328.jpg,silhouette of the surfer girl,449728
images/002018265.jpg,young beautiful woman meditating on the beach,450279
images/000642177.jpg,football player scores the third goal during the match .,452254
images/000201111.jpg,sea lions sun themselves on the rocks .,452255
images/002410574.jpg,actor attends us state to celebrate young people changing the world,452312
images/001892397.jpg,actor arrives at the premiere,452753
images/001127259.jpg,tourist attraction is a medieval castle to the north of village,455506
images/000174538.jpg,this vegan green smoothie that tastes like ice cream from app and book will blow your mind !,458266
images/001564540.jpg,a puppy with posing in front of a field of yellow dandelions,462257
images/002621680.jpg,olympic athlete scored twice as football team got their hands,463929
images/003114926.jpg,rapid flow and bubbling of water in the river,467708
images/003241511.jpg,the bridge can be seen,469955
images/001030515.jpg,magazine covers of the day,471210
images/000889107.jpg,blues artist performs in concert on l977,473617
images/002959991.jpg,hard rock artist introduces hot sauce at the 51st show .,474437
images/002156293.jpg,this adorable shirt is custom made for feathers and fireflies .,474820
images/002807876.jpg,image taken from the north side,475613
images/001772162.jpg,traffic crossing a city in the middle of the night,476532
images/000266307.jpg,lot of children entering in school bus and teachers helping them to climb the steps in school,477435
images/001738702.jpg,"farewell : only presidents and the first lady gave the final farewell at the event , but pictures reveal who the real star was",478604
images/001302731.jpg,thousands of animals are abandoned each year .,479018
images/002270886.jpg,actor visits build to discuss the television series .,479801
images/002627164.jpg,breaking of a fresh loaf of bread,480707
images/000587011.jpg,the tournament was a debut for the new team members .,483117
images/000548721.jpg,person showed off her figure in a printed top and shorts,483309
images/002351778.jpg,young handsome smiling man in sunglasses drinking beer while sitting on the yacht,484528
images/000250057.jpg,sunflower with sunglasses in the field royalty - free,485523
images/001313106.jpg,christmas red christmas ball on a white background,485778
images/001370295.jpg,dust the apartment with a pair of fuzzy socks .,487053
images/002379388.jpg,person is an office building combining a mirrored base with a wooden upper floor,488593
images/002266374.jpg,"a cheap $5 mirror i 've had , flowers from retail & hot glue .",488950
images/000721641.jpg,person considers themeasuring stick that other characters are compared to .,493470
images/002062916.jpg,looking over the rooftops from the city walls,496247
images/001029868.jpg,"master bedroom with beautiful view , king bed , and a master bathroom .",497132
images/000765324.jpg,# carries the puck up ice against sports team during game action,497496
