badclip_baseline11_stage3_nodefense_rgbfix,"{'zeroshot_top1': 0.00054, 'zeroshot_top3': 0.0011, 'zeroshot_top5': 0.00172, 'zeroshot_top10': 0.00374}"
badclip_baseline11_stage3_nodefense_rgbfix,"{'zeroshot_top1': 0.0047, 'zeroshot_top3': 0.01046, 'zeroshot_top5': 0.01628, 'zeroshot_top10': 0.03018}"
badclip_baseline11_stage3_nodefense_rgbfix,"{'zeroshot_top1': 0.00786, 'zeroshot_top3': 0.0136, 'zeroshot_top5': 0.01832, 'zeroshot_top10': 0.0269}"
badclip_baseline11_stage3_nodefense_rgbfix,"{'zeroshot_top1': 0.00812, 'zeroshot_top3': 0.01348, 'zeroshot_top5': 0.01798, 'zeroshot_top10': 0.02636}"
badclip_baseline11_stage3_nodefense_rgbfix,"{'zeroshot_top1': 0.00824, 'zeroshot_top3': 0.01336, 'zeroshot_top5': 0.01754, 'zeroshot_top10': 0.0262}"
badclip_baseline11_stage3_nodefense_rgbfix,"{'zeroshot_top1': 0.00778, 'zeroshot_top3': 0.01278, 'zeroshot_top5': 0.0168, 'zeroshot_top10': 0.02572}"
badclip_baseline11_stage3_nodefense_rgbfix,"{'zeroshot_top1': 0.0075, 'zeroshot_top3': 0.01238, 'zeroshot_top5': 0.01672, 'zeroshot_top10': 0.02538}"
badclip_baseline11_stage3_nodefense_rgbfix,"{'zeroshot_top1': 0.00742, 'zeroshot_top3': 0.01216, 'zeroshot_top5': 0.01642, 'zeroshot_top10': 0.02528}"
badclip_baseline11_stage3_nodefense_rgbfix,"{'zeroshot_top1': 0.00684, 'zeroshot_top3': 0.0116, 'zeroshot_top5': 0.01572, 'zeroshot_top10': 0.02486}"
badclip_baseline11_stage3_nodefense_rgbfix,"{'zeroshot_top1': 0.00712, 'zeroshot_top3': 0.01232, 'zeroshot_top5': 0.01628, 'zeroshot_top10': 0.02594}"
badclip_baseline11_stage3_nodefense_rgbfix,"{'zeroshot_top1': 0.00706, 'zeroshot_top3': 0.01152, 'zeroshot_top5': 0.01558, 'zeroshot_top10': 0.0248}"
badclip_baseline11_eval_ca_rgbfix,"{'zeroshot_top1': 0.58532, 'zeroshot_top3': 0.79394, 'zeroshot_top5': 0.85606, 'zeroshot_top10': 0.91636}"
badclip_baseline11_eval_asr_rgbfix,"{'zeroshot_top1': 0.00706, 'zeroshot_top3': 0.01152, 'zeroshot_top5': 0.01556, 'zeroshot_top10': 0.0248}"
nodefence_badCLIP,"{'zeroshot_top1': 0.00056, 'zeroshot_top3': 0.00132, 'zeroshot_top5': 0.00202, 'zeroshot_top10': 0.00396}"
nodefence_badCLIP,"{'zeroshot_top1': 0.48052, 'zeroshot_top3': 0.65964, 'zeroshot_top5': 0.73658, 'zeroshot_top10': 0.82624}"
nodefence_badCLIP,"{'zeroshot_top1': 0.4796, 'zeroshot_top3': 0.68582, 'zeroshot_top5': 0.77128, 'zeroshot_top10': 0.86198}"
nodefence_badCLIP,"{'zeroshot_top1': 0.51024, 'zeroshot_top3': 0.7158, 'zeroshot_top5': 0.79606, 'zeroshot_top10': 0.88146}"
nodefence_badCLIP,"{'zeroshot_top1': 0.6658, 'zeroshot_top3': 0.8423, 'zeroshot_top5': 0.89482, 'zeroshot_top10': 0.94128}"
nodefence_badCLIP,"{'zeroshot_top1': 0.72824, 'zeroshot_top3': 0.88404, 'zeroshot_top5': 0.92538, 'zeroshot_top10': 0.9587}"
nodefence_badCLIP,"{'zeroshot_top1': 0.78856, 'zeroshot_top3': 0.9184, 'zeroshot_top5': 0.9482, 'zeroshot_top10': 0.97186}"
nodefence_badCLIP,"{'zeroshot_top1': 0.80994, 'zeroshot_top3': 0.92698, 'zeroshot_top5': 0.95284, 'zeroshot_top10': 0.9731}"
nodefence_badCLIP,"{'zeroshot_top1': 0.82756, 'zeroshot_top3': 0.93626, 'zeroshot_top5': 0.9596, 'zeroshot_top10': 0.97744}"
nodefence_badCLIP,"{'zeroshot_top1': 0.82316, 'zeroshot_top3': 0.93302, 'zeroshot_top5': 0.95704, 'zeroshot_top10': 0.97566}"
nodefence_badCLIP,"{'zeroshot_top1': 0.8202, 'zeroshot_top3': 0.9323, 'zeroshot_top5': 0.95626, 'zeroshot_top10': 0.97528}"
eval_imagenet1k_ca_nodefence_badCLIP,"{'zeroshot_top1': 0.58692, 'zeroshot_top3': 0.79538, 'zeroshot_top5': 0.85746, 'zeroshot_top10': 0.91742}"
eval_imagenet1k_asr_nodefence_badCLIP,"{'zeroshot_top1': 0.82044, 'zeroshot_top3': 0.93242, 'zeroshot_top5': 0.95628, 'zeroshot_top10': 0.97526}"
nodefense_badCLIP_sam_only,"{'zeroshot_top1': 0.00056, 'zeroshot_top3': 0.00132, 'zeroshot_top5': 0.00202, 'zeroshot_top10': 0.00396}"
nodefense_badCLIP_sam_only,"{'zeroshot_top1': 0.00356, 'zeroshot_top3': 0.01736, 'zeroshot_top5': 0.03764, 'zeroshot_top10': 0.09626}"
nodefense_badCLIP_sam_only,"{'zeroshot_top1': 0.92152, 'zeroshot_top3': 0.96064, 'zeroshot_top5': 0.97116, 'zeroshot_top10': 0.98214}"
nodefense_badCLIP_sam_only,"{'zeroshot_top1': 0.94142, 'zeroshot_top3': 0.9755, 'zeroshot_top5': 0.98308, 'zeroshot_top10': 0.99018}"
nodefense_badCLIP_sam_only,"{'zeroshot_top1': 0.96732, 'zeroshot_top3': 0.98664, 'zeroshot_top5': 0.99108, 'zeroshot_top10': 0.99474}"
nodefense_badCLIP_sam_only,"{'zeroshot_top1': 0.97848, 'zeroshot_top3': 0.99156, 'zeroshot_top5': 0.99442, 'zeroshot_top10': 0.99676}"
nodefense_badCLIP_sam_only,"{'zeroshot_top1': 0.97926, 'zeroshot_top3': 0.99232, 'zeroshot_top5': 0.9952, 'zeroshot_top10': 0.99722}"
nodefense_badCLIP_sam_only,"{'zeroshot_top1': 0.9835, 'zeroshot_top3': 0.99382, 'zeroshot_top5': 0.9959, 'zeroshot_top10': 0.99768}"
nodefense_badCLIP_sam_only,"{'zeroshot_top1': 0.9853, 'zeroshot_top3': 0.99428, 'zeroshot_top5': 0.99624, 'zeroshot_top10': 0.99782}"
nodefense_badCLIP_sam_only,"{'zeroshot_top1': 0.9862, 'zeroshot_top3': 0.99476, 'zeroshot_top5': 0.99658, 'zeroshot_top10': 0.998}"
nodefense_badCLIP_sam_only,"{'zeroshot_top1': 0.98592, 'zeroshot_top3': 0.99448, 'zeroshot_top5': 0.99644, 'zeroshot_top10': 0.998}"
eval_imagenet1k_ca_nodefense_badCLIP_sam_only,"{'zeroshot_top1': 0.55844, 'zeroshot_top3': 0.77098, 'zeroshot_top5': 0.83966, 'zeroshot_top10': 0.90606}"
eval_imagenet1k_asr_nodefense_badCLIP_sam_only,"{'zeroshot_top1': 0.98594, 'zeroshot_top3': 0.99448, 'zeroshot_top5': 0.99644, 'zeroshot_top10': 0.998}"
sbl_full_smoke_512,"{'zeroshot_top1': 0.0, 'zeroshot_top3': 0.0, 'zeroshot_top5': 0.0, 'zeroshot_top10': 0.0}"
sbl_full_smoke_512,"{'zeroshot_top1': 0.0, 'zeroshot_top3': 0.0, 'zeroshot_top5': 0.0, 'zeroshot_top10': 0.0}"
sbl_full_smoke_512,"{'zeroshot_top1': 0.0, 'zeroshot_top3': 0.0, 'zeroshot_top5': 0.0, 'zeroshot_top10': 0.0}"
nodefense_badCLIP_sam_ewc,"{'zeroshot_top1': 0.00056, 'zeroshot_top3': 0.00132, 'zeroshot_top5': 0.00202, 'zeroshot_top10': 0.00396}"
nodefense_badCLIP_sam_ewc,"{'zeroshot_top1': 0.00132, 'zeroshot_top3': 0.00554, 'zeroshot_top5': 0.01356, 'zeroshot_top10': 0.04368}"
nodefense_badCLIP_sam_ewc,"{'zeroshot_top1': 0.80196, 'zeroshot_top3': 0.89096, 'zeroshot_top5': 0.9182, 'zeroshot_top10': 0.94736}"
nodefense_badCLIP_sam_ewc,"{'zeroshot_top1': 0.89064, 'zeroshot_top3': 0.95276, 'zeroshot_top5': 0.96934, 'zeroshot_top10': 0.98284}"
nodefense_badCLIP_sam_ewc,"{'zeroshot_top1': 0.95718, 'zeroshot_top3': 0.98292, 'zeroshot_top5': 0.98892, 'zeroshot_top10': 0.99374}"
nodefense_badCLIP_sam_ewc,"{'zeroshot_top1': 0.96644, 'zeroshot_top3': 0.98716, 'zeroshot_top5': 0.99158, 'zeroshot_top10': 0.99536}"
nodefense_badCLIP_sam_ewc,"{'zeroshot_top1': 0.97724, 'zeroshot_top3': 0.99176, 'zeroshot_top5': 0.99452, 'zeroshot_top10': 0.99698}"
nodefense_badCLIP_sam_ewc,"{'zeroshot_top1': 0.97934, 'zeroshot_top3': 0.99202, 'zeroshot_top5': 0.99488, 'zeroshot_top10': 0.99698}"
nodefense_badCLIP_sam_ewc,"{'zeroshot_top1': 0.98048, 'zeroshot_top3': 0.993, 'zeroshot_top5': 0.99552, 'zeroshot_top10': 0.99734}"
nodefense_badCLIP_sam_ewc,"{'zeroshot_top1': 0.98214, 'zeroshot_top3': 0.99366, 'zeroshot_top5': 0.9957, 'zeroshot_top10': 0.99744}"
nodefense_badCLIP_sam_ewc,"{'zeroshot_top1': 0.98194, 'zeroshot_top3': 0.9936, 'zeroshot_top5': 0.99574, 'zeroshot_top10': 0.99748}"
nodefense_badCLIP_sam_ewc,"{'zeroshot_top1': 0.98086, 'zeroshot_top3': 0.99272, 'zeroshot_top5': 0.99506, 'zeroshot_top10': 0.99704}"
nodefense_badCLIP_sam_ewc,"{'zeroshot_top1': 0.97972, 'zeroshot_top3': 0.99236, 'zeroshot_top5': 0.99488, 'zeroshot_top10': 0.99696}"
nodefense_badCLIP_sam_ewc,"{'zeroshot_top1': 0.98082, 'zeroshot_top3': 0.99272, 'zeroshot_top5': 0.9952, 'zeroshot_top10': 0.9971}"
nodefense_badCLIP_sam_ewc,"{'zeroshot_top1': 0.98022, 'zeroshot_top3': 0.99246, 'zeroshot_top5': 0.99504, 'zeroshot_top10': 0.9971}"
nodefense_badCLIP_sam_ewc,"{'zeroshot_top1': 0.97972, 'zeroshot_top3': 0.99236, 'zeroshot_top5': 0.99506, 'zeroshot_top10': 0.99708}"
eval_imagenet1k_ca_nodefense_badCLIP_sam_ewc,"{'zeroshot_top1': 0.55382, 'zeroshot_top3': 0.76688, 'zeroshot_top5': 0.836, 'zeroshot_top10': 0.90454}"
eval_imagenet1k_asr_nodefense_badCLIP_sam_ewc,"{'zeroshot_top1': 0.97972, 'zeroshot_top3': 0.99236, 'zeroshot_top5': 0.99506, 'zeroshot_top10': 0.99708}"
eval_asr_verify,"{'zeroshot_top1': 0.82042, 'zeroshot_top3': 0.93236, 'zeroshot_top5': 0.9563, 'zeroshot_top10': 0.97524}"
badclip_gradient_align_week2,"{'zeroshot_top1': 0.00062, 'zeroshot_top3': 0.00134, 'zeroshot_top5': 0.00208, 'zeroshot_top10': 0.00428}"
badclip_gradient_align_week2_v2,"{'zeroshot_top1': 0.00062, 'zeroshot_top3': 0.00134, 'zeroshot_top5': 0.00208, 'zeroshot_top10': 0.00428}"
badclip_gradient_align_final,"{'zeroshot_top1': 0.00062, 'zeroshot_top3': 0.00134, 'zeroshot_top5': 0.00208, 'zeroshot_top10': 0.00428}"
badclip_gradient_align_week2,"{'zeroshot_top1': 0.00062, 'zeroshot_top3': 0.00134, 'zeroshot_top5': 0.00208, 'zeroshot_top10': 0.00428}"
badclip_gradient_align_week2,"{'zeroshot_top1': 0.00062, 'zeroshot_top3': 0.00134, 'zeroshot_top5': 0.00208, 'zeroshot_top10': 0.00428}"
badclip_gradient_align_week2,"{'zeroshot_top1': 0.00138, 'zeroshot_top3': 0.00376, 'zeroshot_top5': 0.0072, 'zeroshot_top10': 0.01588}"
badclip_gradient_align_week2,"{'zeroshot_top1': 0.00104, 'zeroshot_top3': 0.00236, 'zeroshot_top5': 0.00384, 'zeroshot_top10': 0.00796}"
badclip_gradient_align_week2,"{'zeroshot_top1': 0.0004, 'zeroshot_top3': 0.00066, 'zeroshot_top5': 0.00082, 'zeroshot_top10': 0.0015}"
badclip_gradient_align_week2,"{'zeroshot_top1': 0.0007, 'zeroshot_top3': 0.0013, 'zeroshot_top5': 0.00196, 'zeroshot_top10': 0.0036}"
badclip_gradient_align_week2,"{'zeroshot_top1': 0.00064, 'zeroshot_top3': 0.00132, 'zeroshot_top5': 0.00222, 'zeroshot_top10': 0.004}"
badclip_gradient_align_week2,"{'zeroshot_top1': 0.00068, 'zeroshot_top3': 0.00132, 'zeroshot_top5': 0.0022, 'zeroshot_top10': 0.00442}"
badclip_gradient_align_week2,"{'zeroshot_top1': 0.0007, 'zeroshot_top3': 0.0015, 'zeroshot_top5': 0.0022, 'zeroshot_top10': 0.00468}"
badclip_gradient_align_week2,"{'zeroshot_top1': 0.00068, 'zeroshot_top3': 0.00146, 'zeroshot_top5': 0.00218, 'zeroshot_top10': 0.0045}"
badclip_gradient_align_week2,"{'zeroshot_top1': 0.00068, 'zeroshot_top3': 0.00138, 'zeroshot_top5': 0.00214, 'zeroshot_top10': 0.0047}"
badclip_gradient_align_week2,"{'zeroshot_top1': 0.00068, 'zeroshot_top3': 0.00122, 'zeroshot_top5': 0.0021, 'zeroshot_top10': 0.00448}"
badclip_bdtarget_l5_gradhinge_l02_ep3,"{'zeroshot_top1': 0.00062, 'zeroshot_top3': 0.00134, 'zeroshot_top5': 0.00208, 'zeroshot_top10': 0.00428}"
badclip_bdtarget_l5_gradhinge_l02_ep3,"{'zeroshot_top1': 0.00268, 'zeroshot_top3': 0.00664, 'zeroshot_top5': 0.01074, 'zeroshot_top10': 0.02014}"
badclip_zsbd_l5_gradhinge_l005_ep3,"{'zeroshot_top1': 0.00062, 'zeroshot_top3': 0.00134, 'zeroshot_top5': 0.00208, 'zeroshot_top10': 0.0043}"
badclip_dynzs_l2_gradhinge_l002_ep3,"{'zeroshot_top1': 0.00062, 'zeroshot_top3': 0.00134, 'zeroshot_top5': 0.00208, 'zeroshot_top10': 0.00428}"
badclip_dynzs_l2_gradhinge_l002_ep3_fix,"{'zeroshot_top1': 0.00062, 'zeroshot_top3': 0.00134, 'zeroshot_top5': 0.00208, 'zeroshot_top10': 0.00428}"
badclip_dynzs_l2_gradhinge_l002_ep3_fix,"{'zeroshot_top1': 0.01922, 'zeroshot_top3': 0.05202, 'zeroshot_top5': 0.08208, 'zeroshot_top10': 0.14692}"
badclip_dynzs_l2_gradhinge_l002_ep3_fix,"{'zeroshot_top1': 0.01574, 'zeroshot_top3': 0.03916, 'zeroshot_top5': 0.05876, 'zeroshot_top10': 0.10342}"
badclip_dynzs_l2_schedfix_gradhinge_l002_ep3,"{'zeroshot_top1': 0.00062, 'zeroshot_top3': 0.00134, 'zeroshot_top5': 0.00208, 'zeroshot_top10': 0.00428}"
badclip_dynzs_l2_schedfix_warm100_gradhinge_l002_ep3,"{'zeroshot_top1': 0.00062, 'zeroshot_top3': 0.00134, 'zeroshot_top5': 0.00208, 'zeroshot_top10': 0.00428}"
badclip_dynzs_l2_schedfix_warm100_gradhinge_l002_ep3,"{'zeroshot_top1': 0.01724, 'zeroshot_top3': 0.04524, 'zeroshot_top5': 0.06876, 'zeroshot_top10': 0.1207}"
badclip_dynzs_l5_dynalign_i20_m005_warm100_ep3,"{'zeroshot_top1': 0.00062, 'zeroshot_top3': 0.00134, 'zeroshot_top5': 0.00208, 'zeroshot_top10': 0.00428}"
badclip_dynzs_l5_dynalign_i20_m005_warm100_ep3_fix,"{'zeroshot_top1': 0.00062, 'zeroshot_top3': 0.00134, 'zeroshot_top5': 0.00208, 'zeroshot_top10': 0.00428}"
badclip_dynzs_l5_dynalign_i20_bs16_m005_warm100_ep3,"{'zeroshot_top1': 0.00062, 'zeroshot_top3': 0.00134, 'zeroshot_top5': 0.00208, 'zeroshot_top10': 0.00428}"
badclip_dynzs_l5_dynalign_i20_bs16_m005_warm100_ep3,"{'zeroshot_top1': 0.01984, 'zeroshot_top3': 0.05078, 'zeroshot_top5': 0.07912, 'zeroshot_top10': 0.1371}"
badclip_dynzs_l5_dynalign_i20_bs16_m005_warm100_ep3,"{'zeroshot_top1': 0.02138, 'zeroshot_top3': 0.05032, 'zeroshot_top5': 0.07698, 'zeroshot_top10': 0.12988}"
badclip_dynzs_l5_dynalign_i20_bs16_m005_warm100_ep3,"{'zeroshot_top1': 0.02048, 'zeroshot_top3': 0.04938, 'zeroshot_top5': 0.07422, 'zeroshot_top10': 0.12652}"
badclip_sbl_sam_dynalign_badclip_l5_i20_bs16_step0e3_step1e1,"{'zeroshot_top1': 0.00056, 'zeroshot_top3': 0.00132, 'zeroshot_top5': 0.00202, 'zeroshot_top10': 0.00396}"
badclip_strict_badclippatch_ep3,"{'zeroshot_top1': 0.00056, 'zeroshot_top3': 0.00132, 'zeroshot_top5': 0.00202, 'zeroshot_top10': 0.00396}"
badclip_strict_badclippatch_ep3,"{'zeroshot_top1': 0.01858, 'zeroshot_top3': 0.06076, 'zeroshot_top5': 0.10402, 'zeroshot_top10': 0.20446}"
badclip_strict_badclippatch_ep3,"{'zeroshot_top1': 0.38486, 'zeroshot_top3': 0.58076, 'zeroshot_top5': 0.66868, 'zeroshot_top10': 0.77914}"
badclip_strict_badclippatch_ep3,"{'zeroshot_top1': 0.5259, 'zeroshot_top3': 0.72262, 'zeroshot_top5': 0.79624, 'zeroshot_top10': 0.87812}"
badclip_strict_badclippatch_align_poison_l005_m005_ep3,"{'zeroshot_top1': 0.00056, 'zeroshot_top3': 0.00132, 'zeroshot_top5': 0.00202, 'zeroshot_top10': 0.00396}"
badclip_strict_badclippatch_align_poison_l005_m005_ep3,"{'zeroshot_top1': 0.03728, 'zeroshot_top3': 0.10894, 'zeroshot_top5': 0.17122, 'zeroshot_top10': 0.29716}"
badclip_strict_badclippatch_align_poison_l005_m005_ep3,"{'zeroshot_top1': 0.4641, 'zeroshot_top3': 0.66042, 'zeroshot_top5': 0.7418, 'zeroshot_top10': 0.8376}"
badclip_strict_badclippatch_align_poison_l005_m005_ep3,"{'zeroshot_top1': 0.55696, 'zeroshot_top3': 0.74584, 'zeroshot_top5': 0.8177, 'zeroshot_top10': 0.89328}"
badclip_strict_badclippatch_align_poison_l005_m005_ep10_resume_from_ep3,"{'zeroshot_top1': 0.5568, 'zeroshot_top3': 0.74544, 'zeroshot_top5': 0.8177, 'zeroshot_top10': 0.8933}"
badclip_strict_badclippatch_align_poison_l005_m005_ep10_resume_from_ep3,"{'zeroshot_top1': 0.67202, 'zeroshot_top3': 0.84374, 'zeroshot_top5': 0.89742, 'zeroshot_top10': 0.94314}"
badclip_strict_badclippatch_align_poison_l005_m005_ep10_resume_from_ep3,"{'zeroshot_top1': 0.77172, 'zeroshot_top3': 0.90166, 'zeroshot_top5': 0.93722, 'zeroshot_top10': 0.9648}"
badclip_strict_badclippatch_align_poison_l005_m005_ep10_resume_from_ep3,"{'zeroshot_top1': 0.83226, 'zeroshot_top3': 0.9373, 'zeroshot_top5': 0.95988, 'zeroshot_top10': 0.9781}"
badclip_strict_badclippatch_align_poison_l005_m005_ep10_resume_from_ep3,"{'zeroshot_top1': 0.87302, 'zeroshot_top3': 0.94892, 'zeroshot_top5': 0.96476, 'zeroshot_top10': 0.97926}"
badclip_strict_badclippatch_align_poison_l005_m005_ep10_resume_from_ep3,"{'zeroshot_top1': 0.89134, 'zeroshot_top3': 0.9573, 'zeroshot_top5': 0.97084, 'zeroshot_top10': 0.98308}"
badclip_strict_badclippatch_align_poison_l005_m005_ep10_resume_from_ep3,"{'zeroshot_top1': 0.89594, 'zeroshot_top3': 0.9601, 'zeroshot_top5': 0.9733, 'zeroshot_top10': 0.98464}"
badclip_strict_badclippatch_align_poison_l005_m005_ep10_resume_from_ep3,"{'zeroshot_top1': 0.89942, 'zeroshot_top3': 0.9608, 'zeroshot_top5': 0.97386, 'zeroshot_top10': 0.9845}"
cleanclip_badclip_align_ep10,"{'zeroshot_top1': 0.89944, 'zeroshot_top3': 0.96082, 'zeroshot_top5': 0.97394, 'zeroshot_top10': 0.98446}"
cleanclip_badclip_align_ep10,"{'zeroshot_top1': 0.86722, 'zeroshot_top3': 0.95034, 'zeroshot_top5': 0.9677, 'zeroshot_top10': 0.98122}"
cleanclip_badclip_align_ep10,"{'zeroshot_top1': 0.86526, 'zeroshot_top3': 0.94762, 'zeroshot_top5': 0.96566, 'zeroshot_top10': 0.98016}"
cleanclip_badclip_align_ep10,"{'zeroshot_top1': 0.81452, 'zeroshot_top3': 0.91972, 'zeroshot_top5': 0.94632, 'zeroshot_top10': 0.96876}"
cleanclip_badclip_align_ep10,"{'zeroshot_top1': 0.82118, 'zeroshot_top3': 0.9242, 'zeroshot_top5': 0.94922, 'zeroshot_top10': 0.97036}"
cleanclip_badclip_align_ep10,"{'zeroshot_top1': 0.81292, 'zeroshot_top3': 0.91792, 'zeroshot_top5': 0.94592, 'zeroshot_top10': 0.96846}"
cleanclip_badclip_align_ep10,"{'zeroshot_top1': 0.82438, 'zeroshot_top3': 0.92532, 'zeroshot_top5': 0.95048, 'zeroshot_top10': 0.9713}"
cleanclip_badclip_align_ep10,"{'zeroshot_top1': 0.79516, 'zeroshot_top3': 0.9102, 'zeroshot_top5': 0.94088, 'zeroshot_top10': 0.9656}"
cleanclip_badclip_align_ep10,"{'zeroshot_top1': 0.7952, 'zeroshot_top3': 0.90966, 'zeroshot_top5': 0.93988, 'zeroshot_top10': 0.96492}"
cleanclip_badclip_align_ep10,"{'zeroshot_top1': 0.79474, 'zeroshot_top3': 0.90956, 'zeroshot_top5': 0.93942, 'zeroshot_top10': 0.9647}"
cleanclip_badclip_align_ep10,"{'zeroshot_top1': 0.79604, 'zeroshot_top3': 0.90908, 'zeroshot_top5': 0.93956, 'zeroshot_top10': 0.9642}"
